N,P,K,moisture,label
98,54,47,76.83,rice
67,55,41,79.46,rice
82,45,45,83.66,rice
95,42,42,81.51,rice
61,58,46,84.39,rice
61,55,35,78.04,rice
81,46,43,77.91,rice
87,50,49,79.56,rice
62,39,37,81.8,rice
68,41,36,84.49,rice
73,52,44,78.05,rice
61,54,46,79.4,rice
66,46,47,83.33,rice
94,48,35,77.59,rice
99,38,36,79.25,rice
63,56,47,84.7,rice
85,46,36,78.95,rice
95,48,49,84.22,rice
67,48,41,80.21,rice
99,55,47,77.71,rice
83,59,46,81.07,rice
88,49,47,75.75,rice
66,43,42,78.95,rice
67,58,49,83.15,rice
76,42,37,82.9,rice
64,44,41,81.51,rice
87,41,43,81.23,rice
93,35,41,78.11,rice
83,39,37,80.91,rice
81,37,35,78.83,rice
73,37,35,82.22,rice
73,41,45,80.23,rice
74,44,46,76.08,rice
91,41,35,78.14,rice
91,38,48,76.39,rice
98,47,49,82.56,rice
95,47,41,77.9,rice
81,36,44,83.08,rice
65,46,46,79.17,rice
70,57,46,78.56,rice
92,35,43,81.48,rice
72,43,37,75.07,rice
67,43,48,77.22,rice
83,49,45,78.23,rice
91,58,43,79.04,rice
71,41,36,82.12,rice
96,51,42,75.37,rice
61,36,46,75.51,rice
96,35,35,77.4,rice
61,55,46,79.48,rice
65,57,38,75.81,rice
76,40,42,79.7,rice
93,40,40,80.36,rice
75,35,43,78.21,rice
65,50,47,83.58,rice
95,53,44,80.12,rice
78,54,41,76.74,rice
92,42,41,84.37,rice
60,45,46,82.35,rice
82,44,37,77.29,rice
75,50,43,80.17,rice
61,35,48,83.97,rice
96,57,43,77.79,rice
78,50,37,83.56,rice
92,58,38,75.84,rice
67,38,40,81.69,rice
94,50,48,84.4,rice
84,52,48,80.49,rice
94,50,47,77.24,rice
92,38,35,79.94,rice
79,58,42,83.49,rice
76,35,46,80.09,rice
81,57,40,77.44,rice
97,40,47,79.87,rice
67,36,39,80.03,rice
87,49,35,76.95,rice
78,38,37,82.69,rice
76,46,46,79.7,rice
65,37,46,75.15,rice
83,51,48,84.67,rice
94,35,38,77.94,rice
80,57,35,78.17,rice
77,59,44,84.36,rice
62,42,48,75.97,rice
91,49,40,78.59,rice
86,44,36,78.23,rice
99,35,43,82.02,rice
98,44,41,79.2,rice
84,58,47,75.82,rice
66,59,38,82.98,rice
60,42,48,82.96,rice
71,53,41,75.28,rice
93,36,41,81.72,rice
84,56,44,83.6,rice
65,49,40,80.37,rice
96,35,42,82.7,rice
64,41,38,83.42,rice
91,54,48,80.41,rice
99,54,47,84.7,rice
89,53,35,78.99,rice
78,57,24,55.51,maize
82,43,19,56.16,maize
60,49,16,59.8,maize
84,42,19,67.77,maize
98,39,20,69.6,maize
62,46,24,62.12,maize
96,56,23,61.84,maize
87,39,15,61.23,maize
64,46,24,70.27,maize
80,41,18,58.46,maize
89,39,21,55.96,maize
64,38,16,60.22,maize
69,53,24,65.02,maize
64,47,18,67.32,maize
75,57,16,55.53,maize
91,54,22,68.54,maize
94,35,15,71.22,maize
96,46,17,71.41,maize
99,44,16,55.78,maize
94,57,15,68.11,maize
88,44,24,61.81,maize
66,38,24,68.93,maize
70,58,18,63.36,maize
95,44,19,70.01,maize
94,51,17,63.25,maize
77,51,21,66.61,maize
82,39,15,68.6,maize
82,59,17,57.06,maize
76,51,18,71.53,maize
81,47,17,62.78,maize
71,43,17,56.83,maize
66,48,18,66.47,maize
75,55,19,60.86,maize
84,54,19,70.05,maize
82,50,23,57.27,maize
98,48,24,63.83,maize
82,45,16,74.37,maize
68,44,24,67.36,maize
97,41,22,56.46,maize
86,36,19,65.27,maize
97,53,22,62.49,maize
60,56,18,59.73,maize
66,59,18,62.0,maize
90,53,20,69.1,maize
69,53,21,63.69,maize
72,52,24,69.82,maize
67,43,21,69.92,maize
72,59,15,56.66,maize
92,40,19,74.26,maize
91,47,19,55.87,maize
80,45,19,60.06,maize
78,54,23,65.46,maize
73,49,15,67.55,maize
62,50,21,55.91,maize
71,44,22,62.89,maize
83,55,22,58.39,maize
95,42,24,59.59,maize
87,39,23,60.2,maize
86,56,15,60.6,maize
79,47,17,71.45,maize
77,53,19,67.27,maize
61,44,22,72.53,maize
64,57,22,62.53,maize
60,52,15,62.53,maize
85,59,20,71.58,maize
72,35,16,55.74,maize
60,55,21,72.29,maize
76,39,19,74.93,maize
82,39,19,73.9,maize
69,53,15,59.82,maize
68,48,15,74.08,maize
72,38,15,68.43,maize
91,36,22,55.44,maize
93,56,20,71.63,maize
71,35,20,74.36,maize
89,59,15,57.68,maize
82,49,19,67.41,maize
61,45,17,73.06,maize
93,40,16,66.8,maize
89,49,17,73.08,maize
97,35,22,73.21,maize
89,57,24,72.25,maize
64,38,24,73.53,maize
69,51,18,64.18,maize
93,40,19,61.95,maize
70,53,23,64.2,maize
75,45,20,68.95,maize
63,42,18,61.91,maize
62,37,16,67.04,maize
78,55,19,61.9,maize
81,55,20,57.41,maize
71,48,16,57.57,maize
85,47,23,56.85,maize
81,49,22,72.47,maize
76,38,15,56.69,maize
94,54,22,64.69,maize
85,57,22,69.41,maize
85,48,22,57.66,maize
62,49,21,65.23,maize
77,40,17,62.94,maize
44,77,79,15.09,chickpea
58,79,75,15.27,chickpea
45,66,83,19.34,chickpea
39,79,78,16.13,chickpea
37,69,78,17.22,chickpea
53,69,82,17.52,chickpea
38,64,83,16.02,chickpea
45,56,82,16.99,chickpea
25,59,83,15.42,chickpea
41,75,80,16.19,chickpea
23,65,82,19.38,chickpea
22,73,82,18.18,chickpea
43,60,76,17.46,chickpea
30,58,80,19.85,chickpea
49,78,80,18.01,chickpea
21,69,82,16.86,chickpea
24,60,84,15.94,chickpea
38,74,75,18.42,chickpea
31,69,75,17.66,chickpea
57,59,78,15.92,chickpea
22,55,80,16.02,chickpea
29,59,81,17.29,chickpea
21,67,82,18.86,chickpea
20,59,83,18.56,chickpea
30,69,82,17.64,chickpea
54,71,79,18.98,chickpea
33,75,82,19.95,chickpea
53,66,77,14.4,chickpea
59,76,82,18.97,chickpea
56,68,77,14.99,chickpea
24,73,84,19.45,chickpea
44,67,84,16.35,chickpea
59,62,81,18.28,chickpea
51,73,80,17.24,chickpea
34,55,83,16.13,chickpea
21,68,79,19.44,chickpea
58,73,80,19.64,chickpea
26,73,82,18.16,chickpea
34,69,75,17.2,chickpea
58,58,80,18.51,chickpea
56,77,75,14.2,chickpea
41,56,84,16.96,chickpea
29,55,80,18.93,chickpea
50,69,78,16.74,chickpea
34,62,79,16.92,chickpea
23,66,76,14.07,chickpea
55,58,84,15.51,chickpea
24,74,84,16.06,chickpea
25,62,81,16.77,chickpea
31,67,82,17.04,chickpea
44,55,82,19.23,chickpea
31,66,78,19.51,chickpea
24,78,79,18.24,chickpea
47,63,80,14.46,chickpea
33,62,83,19.55,chickpea
42,55,79,19.91,chickpea
55,76,81,19.53,chickpea
59,69,79,16.28,chickpea
28,64,78,18.73,chickpea
45,63,77,16.39,chickpea
44,65,80,16.08,chickpea
37,56,75,17.52,chickpea
43,79,81,14.99,chickpea
43,55,75,18.68,chickpea
41,72,79,17.09,chickpea
36,74,83,14.89,chickpea
41,62,75,15.8,chickpea
51,67,81,16.56,chickpea
38,71,82,17.52,chickpea
20,68,77,16.72,chickpea
21,76,75,16.4,chickpea
57,73,78,15.09,chickpea
48,77,81,18.52,chickpea
29,64,77,17.86,chickpea
52,77,81,14.94,chickpea
26,62,75,17.31,chickpea
22,78,81,18.03,chickpea
27,76,83,18.8,chickpea
22,73,75,17.34,chickpea
27,56,77,15.46,chickpea
33,78,78,19.67,chickpea
40,68,81,19.38,chickpea
26,64,81,18.42,chickpea
40,73,77,17.5,chickpea
37,56,75,18.9,chickpea
39,65,84,18.95,chickpea
22,77,81,15.61,chickpea
24,59,80,18.64,chickpea
28,56,79,15.77,chickpea
41,66,82,14.69,chickpea
49,78,81,18.8,chickpea
36,72,77,17.07,chickpea
28,62,76,17.8,chickpea
58,63,80,17.87,chickpea
23,67,76,15.63,chickpea
30,60,76,17.18,chickpea
55,63,80,14.4,chickpea
56,79,80,18.98,chickpea
42,75,84,14.84,chickpea
46,79,80,18.39,chickpea
33,66,23,21.46,kidneybeans
9,67,15,20.93,kidneybeans
27,68,16,19.16,kidneybeans
0,73,19,22.22,kidneybeans
25,75,22,21.06,kidneybeans
35,71,21,22.27,kidneybeans
33,77,22,24.56,kidneybeans
4,78,15,19.89,kidneybeans
19,73,17,23.89,kidneybeans
16,67,16,22.36,kidneybeans
1,75,23,18.53,kidneybeans
16,55,23,22.93,kidneybeans
39,64,23,19.72,kidneybeans
2,72,19,18.02,kidneybeans
29,60,16,18.72,kidneybeans
36,66,15,18.96,kidneybeans
9,79,21,21.65,kidneybeans
11,70,22,23.31,kidneybeans
30,75,15,22.61,kidneybeans
15,60,22,19.75,kidneybeans
24,66,24,18.36,kidneybeans
25,69,24,22.12,kidneybeans
16,77,24,21.98,kidneybeans
6,68,19,23.12,kidneybeans
7,72,21,23.57,kidneybeans
30,74,21,21.19,kidneybeans
38,71,22,19.61,kidneybeans
33,57,19,21.71,kidneybeans
25,77,21,18.46,kidneybeans
14,78,15,21.77,kidneybeans
21,79,16,21.64,kidneybeans
1,77,17,24.09,kidneybeans
29,77,16,24.57,kidneybeans
34,61,18,18.37,kidneybeans
28,75,23,22.07,kidneybeans
9,79,21,21.66,kidneybeans
0,71,17,21.27,kidneybeans
29,72,18,23.01,kidneybeans
36,79,15,24.37,kidneybeans
14,63,15,20.74,kidneybeans
3,66,24,23.59,kidneybeans
36,65,20,24.88,kidneybeans
23,65,16,19.17,kidneybeans
3,62,18,23.86,kidneybeans
9,65,16,20.69,kidneybeans
2,78,20,23.61,kidneybeans
22,71,23,24.49,kidneybeans
34,72,16,22.87,kidneybeans
23,57,17,19.57,kidneybeans
24,63,18,22.06,kidneybeans
33,65,23,20.74,kidneybeans
27,63,17,24.69,kidneybeans
11,64,23,20.3,kidneybeans
24,59,16,20.86,kidneybeans
14,60,22,22.87,kidneybeans
25,72,20,24.73,kidneybeans
12,59,15,18.43,kidneybeans
31,73,24,22.0,kidneybeans
39,56,22,21.96,kidneybeans
32,60,22,23.58,kidneybeans
39,55,23,20.34,kidneybeans
24,75,24,18.74,kidneybeans
26,60,21,24.17,kidneybeans
30,77,24,18.9,kidneybeans
29,61,16,23.73,kidneybeans
13,67,21,19.35,kidneybeans
12,68,15,21.92,kidneybeans
39,56,22,23.73,kidneybeans
5,73,21,21.79,kidneybeans
31,56,19,18.72,kidneybeans
3,74,18,18.47,kidneybeans
26,71,20,22.96,kidneybeans
0,76,24,18.52,kidneybeans
17,72,18,22.53,kidneybeans
11,61,15,20.27,kidneybeans
14,73,24,18.01,kidneybeans
33,68,16,24.98,kidneybeans
16,57,23,19.15,kidneybeans
28,65,18,23.88,kidneybeans
13,74,20,18.92,kidneybeans
2,71,22,21.03,kidneybeans
20,69,19,22.47,kidneybeans
5,73,23,21.1,kidneybeans
0,60,16,19.49,kidneybeans
24,78,16,24.05,kidneybeans
15,62,23,24.08,kidneybeans
7,69,16,23.33,kidneybeans
2,66,19,24.38,kidneybeans
2,74,23,18.01,kidneybeans
6,71,18,21.01,kidneybeans
37,70,23,19.13,kidneybeans
21,76,19,19.88,kidneybeans
23,62,15,18.08,kidneybeans
17,72,20,20.04,kidneybeans
24,55,20,24.35,kidneybeans
10,76,17,18.73,kidneybeans
16,66,23,22.0,kidneybeans
14,70,20,22.33,kidneybeans
19,55,24,23.43,kidneybeans
32,56,15,18.62,kidneybeans
12,55,18,44.31,pigeonpeas
38,56,20,52.7,pigeonpeas
14,56,24,36.7,pigeonpeas
39,65,17,65.85,pigeonpeas
8,60,23,32.08,pigeonpeas
31,63,16,67.41,pigeonpeas
7,72,18,43.58,pigeonpeas
6,65,18,52.12,pigeonpeas
5,76,24,49.24,pigeonpeas
13,65,16,32.41,pigeonpeas
22,66,23,64.87,pigeonpeas
18,77,18,59.77,pigeonpeas
28,77,19,56.35,pigeonpeas
17,60,16,56.13,pigeonpeas
36,78,23,49.73,pigeonpeas
27,64,17,57.21,pigeonpeas
28,76,15,63.62,pigeonpeas
29,75,24,59.71,pigeonpeas
19,59,18,59.41,pigeonpeas
19,78,16,64.68,pigeonpeas
31,63,18,31.18,pigeonpeas
33,58,16,53.91,pigeonpeas
35,60,21,41.07,pigeonpeas
11,57,16,55.26,pigeonpeas
14,55,17,61.04,pigeonpeas
35,70,21,55.3,pigeonpeas
13,68,16,37.24,pigeonpeas
4,60,23,39.89,pigeonpeas
13,78,21,44.37,pigeonpeas
1,61,20,56.08,pigeonpeas
24,79,16,64.32,pigeonpeas
4,55,22,53.95,pigeonpeas
35,67,21,48.15,pigeonpeas
10,64,17,47.68,pigeonpeas
15,64,24,56.78,pigeonpeas
0,59,18,53.52,pigeonpeas
11,55,23,36.68,pigeonpeas
19,79,19,44.27,pigeonpeas
11,59,15,63.77,pigeonpeas
27,69,20,38.23,pigeonpeas
19,72,16,34.92,pigeonpeas
36,74,24,31.57,pigeonpeas
34,60,19,67.36,pigeonpeas
4,55,15,53.39,pigeonpeas
11,64,18,69.47,pigeonpeas
23,65,16,42.93,pigeonpeas
28,79,21,48.19,pigeonpeas
22,66,20,35.59,pigeonpeas
15,72,24,59.32,pigeonpeas
7,72,19,33.76,pigeonpeas
7,60,19,68.53,pigeonpeas
33,55,21,69.15,pigeonpeas
9,72,16,54.71,pigeonpeas
7,69,22,60.74,pigeonpeas
26,62,23,57.58,pigeonpeas
32,55,17,67.64,pigeonpeas
13,75,19,53.09,pigeonpeas
27,56,16,54.2,pigeonpeas
8,55,23,69.73,pigeonpeas
12,63,19,52.68,pigeonpeas
10,58,16,46.17,pigeonpeas
3,60,17,62.31,pigeonpeas
17,67,23,42.69,pigeonpeas
10,55,22,41.87,pigeonpeas
6,79,19,42.98,pigeonpeas
11,61,19,45.22,pigeonpeas
28,79,15,39.5,pigeonpeas
34,66,20,32.93,pigeonpeas
34,62,24,60.37,pigeonpeas
8,57,19,64.53,pigeonpeas
1,60,19,62.55,pigeonpeas
24,66,19,45.95,pigeonpeas
36,69,18,54.32,pigeonpeas
22,60,16,58.62,pigeonpeas
20,77,21,65.87,pigeonpeas
14,79,18,67.08,pigeonpeas
14,58,19,49.17,pigeonpeas
18,56,18,40.27,pigeonpeas
26,69,17,53.24,pigeonpeas
35,72,16,40.9,pigeonpeas
3,79,21,57.24,pigeonpeas
9,61,21,41.81,pigeonpeas
35,74,18,33.48,pigeonpeas
0,66,22,51.06,pigeonpeas
12,77,20,62.77,pigeonpeas
21,63,24,38.48,pigeonpeas
9,78,24,44.43,pigeonpeas
7,78,15,39.47,pigeonpeas
36,58,16,59.28,pigeonpeas
35,61,24,62.38,pigeonpeas
18,58,24,48.07,pigeonpeas
4,69,15,59.47,pigeonpeas
33,55,21,51.41,pigeonpeas
21,70,19,55.68,pigeonpeas
27,61,24,40.28,pigeonpeas
12,79,23,69.51,pigeonpeas
34,61,19,57.03,pigeonpeas
38,63,15,30.63,pigeonpeas
23,68,17,54.13,pigeonpeas
37,64,21,60.9,pigeonpeas
35,42,19,62.35,mothbeans
2,43,22,49.17,mothbeans
5,43,21,41.74,mothbeans
1,39,19,46.78,mothbeans
7,52,17,53.32,mothbeans
2,56,20,41.31,mothbeans
1,40,15,64.89,mothbeans
22,54,22,54.51,mothbeans
35,39,23,44.26,mothbeans
29,59,21,58.9,mothbeans
16,50,22,59.89,mothbeans
15,47,21,49.98,mothbeans
39,56,19,58.43,mothbeans
0,59,19,42.32,mothbeans
21,52,22,58.88,mothbeans
32,55,20,43.98,mothbeans
13,38,15,45.68,mothbeans
1,43,19,48.66,mothbeans
8,35,17,49.92,mothbeans
22,38,16,52.89,mothbeans
34,56,20,54.16,mothbeans
11,49,15,42.91,mothbeans
17,47,17,56.86,mothbeans
29,48,20,43.53,mothbeans
6,54,23,48.06,mothbeans
34,36,16,45.59,mothbeans
13,54,16,56.02,mothbeans
24,36,23,51.98,mothbeans
32,38,15,55.16,mothbeans
2,37,23,60.63,mothbeans
12,55,16,41.7,mothbeans
33,38,23,45.81,mothbeans
11,47,18,50.99,mothbeans
5,45,16,56.26,mothbeans
18,53,19,59.52,mothbeans
9,59,16,52.12,mothbeans
30,58,23,50.76,mothbeans
8,37,19,43.03,mothbeans
6,50,15,52.74,mothbeans
38,42,15,45.82,mothbeans
28,54,18,53.18,mothbeans
38,52,19,62.17,mothbeans
34,41,20,60.69,mothbeans
36,56,19,40.28,mothbeans
1,55,20,59.76,mothbeans
20,44,21,43.43,mothbeans
38,39,15,48.09,mothbeans
25,52,19,44.97,mothbeans
36,47,18,49.29,mothbeans
10,55,18,46.65,mothbeans
25,38,16,48.12,mothbeans
17,42,17,49.4,mothbeans
28,40,24,59.63,mothbeans
12,51,23,42.55,mothbeans
8,43,15,60.22,mothbeans
28,35,24,63.26,mothbeans
39,55,21,56.48,mothbeans
21,42,15,55.35,mothbeans
22,58,17,42.64,mothbeans
0,57,19,41.2,mothbeans
7,59,21,57.91,mothbeans
23,37,22,40.89,mothbeans
19,55,22,48.83,mothbeans
35,45,18,59.37,mothbeans
6,53,17,44.35,mothbeans
4,39,20,59.11,mothbeans
9,40,15,47.39,mothbeans
39,59,23,49.55,mothbeans
2,51,18,55.38,mothbeans
13,43,23,64.0,mothbeans
9,55,18,47.32,mothbeans
39,36,20,52.15,mothbeans
31,50,16,43.2,mothbeans
14,51,22,54.96,mothbeans
8,59,22,50.8,mothbeans
24,52,20,46.84,mothbeans
19,55,17,62.17,mothbeans
20,37,24,60.4,mothbeans
38,51,23,53.6,mothbeans
20,47,19,64.46,mothbeans
39,48,21,44.51,mothbeans
31,45,20,58.83,mothbeans
24,56,16,42.7,mothbeans
20,49,18,60.44,mothbeans
30,49,17,43.77,mothbeans
12,56,19,54.76,mothbeans
2,56,17,43.79,mothbeans
29,41,23,59.03,mothbeans
7,44,24,40.23,mothbeans
0,46,19,62.04,mothbeans
3,42,17,50.04,mothbeans
33,45,23,53.88,mothbeans
38,36,23,49.38,mothbeans
8,54,18,40.13,mothbeans
25,56,15,40.28,mothbeans
33,55,23,56.96,mothbeans
15,53,21,51.76,mothbeans
18,39,24,49.21,mothbeans
3,54,24,62.15,mothbeans
34,39,20,50.32,mothbeans
39,41,19,80.29,mungbean
3,59,18,84.02,mungbean
6,38,17,80.65,mungbean
15,57,18,85.61,mungbean
23,36,16,86.02,mungbean
18,51,17,80.59,mungbean
11,40,19,87.89,mungbean
18,50,18,81.22,mungbean
32,52,18,80.63,mungbean
27,49,23,89.33,mungbean
32,51,20,86.36,mungbean
26,49,20,89.91,mungbean
10,41,23,89.5,mungbean
4,59,18,83.62,mungbean
2,47,15,85.86,mungbean
5,51,17,89.41,mungbean
34,48,24,88.73,mungbean
28,39,18,88.03,mungbean
9,39,18,81.33,mungbean
3,41,21,84.96,mungbean
0,58,23,80.07,mungbean
30,54,22,84.72,mungbean
20,58,24,82.82,mungbean
27,41,17,82.76,mungbean
13,58,24,82.72,mungbean
30,44,23,87.77,mungbean
8,47,18,80.34,mungbean
19,52,24,85.62,mungbean
20,38,16,84.11,mungbean
6,40,16,87.32,mungbean
10,54,22,85.6,mungbean
6,55,24,88.28,mungbean
13,59,19,89.81,mungbean
17,39,17,87.25,mungbean
36,58,15,84.64,mungbean
24,55,23,81.83,mungbean
32,52,19,82.25,mungbean
6,56,21,85.45,mungbean
23,36,24,85.43,mungbean
38,56,15,85.44,mungbean
5,48,20,88.47,mungbean
9,55,19,89.46,mungbean
1,44,16,88.62,mungbean
38,56,22,87.87,mungbean
37,44,17,80.52,mungbean
31,41,19,81.65,mungbean
3,48,18,85.19,mungbean
39,55,20,81.62,mungbean
13,43,22,89.85,mungbean
25,51,16,80.65,mungbean
2,42,15,83.91,mungbean
34,40,21,86.57,mungbean
24,52,17,84.41,mungbean
10,58,24,80.94,mungbean
27,43,18,82.76,mungbean
7,57,23,83.96,mungbean
39,52,24,84.48,mungbean
5,46,16,83.17,mungbean
2,47,17,88.97,mungbean
39,40,15,85.98,mungbean
7,39,19,84.4,mungbean
5,48,20,88.57,mungbean
8,46,21,89.67,mungbean
20,47,16,81.66,mungbean
37,57,19,85.6,mungbean
32,38,23,88.23,mungbean
25,39,17,81.87,mungbean
28,43,18,89.18,mungbean
5,53,23,84.71,mungbean
8,55,22,84.94,mungbean
2,46,24,82.44,mungbean
27,58,24,81.01,mungbean
20,37,18,89.05,mungbean
17,45,23,84.36,mungbean
21,51,19,88.06,mungbean
29,49,17,80.31,mungbean
15,36,16,83.15,mungbean
27,49,21,81.67,mungbean
19,35,22,80.73,mungbean
2,38,24,85.13,mungbean
37,49,19,80.33,mungbean
13,38,15,87.66,mungbean
34,47,16,86.51,mungbean
5,57,16,84.47,mungbean
37,48,18,83.82,mungbean
34,53,18,80.18,mungbean
39,58,24,89.66,mungbean
21,50,23,82.92,mungbean
2,44,17,88.05,mungbean
19,47,21,86.21,mungbean
8,57,23,82.82,mungbean
13,58,20,81.2,mungbean
35,42,15,82.42,mungbean
32,58,18,83.01,mungbean
10,55,17,82.26,mungbean
13,43,18,80.64,mungbean
27,42,16,86.68,mungbean
21,43,22,81.85,mungbean
15,51,17,82.68,mungbean
20,55,19,82.52,mungbean
56,57,15,67.38,blackgram
28,63,18,68.69,blackgram
53,78,15,60.25,blackgram
42,69,22,63.17,blackgram
31,68,23,63.41,blackgram
48,76,22,69.48,blackgram
57,74,23,67.03,blackgram
23,77,21,61.32,blackgram
23,76,17,66.52,blackgram
21,78,16,64.73,blackgram
20,62,21,64.07,blackgram
41,79,16,63.62,blackgram
31,60,24,69.07,blackgram
38,64,15,64.5,blackgram
54,62,17,64.47,blackgram
39,78,15,65.17,blackgram
57,71,15,62.19,blackgram
39,55,24,64.63,blackgram
28,78,19,62.85,blackgram
36,78,19,63.45,blackgram
58,77,23,60.3,blackgram
30,68,17,64.51,blackgram
20,62,17,64.11,blackgram
27,75,15,68.24,blackgram
58,59,22,68.63,blackgram
42,67,21,60.41,blackgram
39,72,16,61.14,blackgram
49,55,18,63.69,blackgram
38,69,22,67.51,blackgram
52,66,24,63.21,blackgram
58,56,23,66.46,blackgram
30,67,24,65.02,blackgram
28,79,21,68.74,blackgram
39,60,19,69.02,blackgram
57,57,22,68.2,blackgram
31,57,15,60.84,blackgram
34,59,19,68.08,blackgram
50,79,21,68.17,blackgram
57,75,20,68.52,blackgram
55,57,21,65.43,blackgram
57,66,16,63.84,blackgram
22,66,23,64.31,blackgram
59,65,24,63.7,blackgram
55,55,22,63.75,blackgram
47,59,21,61.43,blackgram
20,55,18,63.4,blackgram
29,72,17,63.41,blackgram
50,65,15,61.01,blackgram
24,62,16,68.42,blackgram
31,60,15,61.05,blackgram
24,78,22,65.05,blackgram
30,67,18,60.99,blackgram
46,64,17,60.23,blackgram
34,75,24,69.0,blackgram
56,64,19,64.74,blackgram
25,58,16,68.27,blackgram
48,67,18,60.31,blackgram
51,70,20,65.41,blackgram
56,63,15,65.32,blackgram
41,75,21,64.4,blackgram
53,67,17,61.77,blackgram
40,68,19,69.66,blackgram
58,58,17,61.65,blackgram
43,57,16,64.89,blackgram
36,57,16,66.23,blackgram
43,73,19,67.31,blackgram
27,59,15,67.11,blackgram
38,75,16,67.22,blackgram
31,76,19,67.46,blackgram
58,59,15,66.81,blackgram
31,60,15,69.49,blackgram
45,70,18,68.64,blackgram
55,60,15,65.63,blackgram
42,69,23,63.62,blackgram
36,73,19,69.81,blackgram
37,73,18,68.07,blackgram
54,70,23,60.59,blackgram
36,71,15,62.98,blackgram
27,73,20,62.56,blackgram
24,67,21,60.19,blackgram
51,76,20,67.23,blackgram
29,64,19,63.59,blackgram
21,63,22,67.33,blackgram
49,79,17,69.98,blackgram
27,71,22,62.95,blackgram
26,57,15,63.42,blackgram
56,55,19,60.06,blackgram
27,59,23,67.66,blackgram
55,57,16,61.04,blackgram
42,63,16,60.78,blackgram
23,60,17,65.49,blackgram
33,67,16,60.06,blackgram
38,60,16,60.77,blackgram
53,64,20,60.5,blackgram
21,67,22,62.95,blackgram
53,61,17,68.03,blackgram
33,78,21,69.06,blackgram
48,61,19,68.42,blackgram
36,63,19,60.34,blackgram
38,75,17,66.48,blackgram
21,71,21,65.03,lentil
9,64,18,66.25,lentil
19,72,16,67.14,lentil
23,69,20,65.63,lentil
3,67,21,67.21,lentil
11,77,16,61.34,lentil
33,65,23,67.49,lentil
14,79,15,65.11,lentil
25,72,20,67.07,lentil
22,78,16,64.67,lentil
5,59,23,60.83,lentil
27,65,23,63.6,lentil
18,63,16,63.13,lentil
35,72,17,64.34,lentil
5,70,22,69.64,lentil
36,71,24,60.42,lentil
28,55,23,67.04,lentil
9,69,21,62.54,lentil
12,59,15,62.78,lentil
10,71,18,67.03,lentil
29,63,19,64.75,lentil
18,66,19,60.48,lentil
36,76,21,65.0,lentil
34,69,16,66.34,lentil
34,66,23,60.52,lentil
12,72,19,68.22,lentil
30,56,23,66.57,lentil
10,76,22,66.48,lentil
35,67,21,66.08,lentil
33,63,22,69.31,lentil
35,72,17,63.16,lentil
20,62,20,61.99,lentil
35,75,17,66.67,lentil
9,75,19,66.88,lentil
12,59,20,63.37,lentil
21,71,18,69.49,lentil
34,79,17,64.04,lentil
16,66,20,62.67,lentil
28,65,23,69.63,lentil
25,60,15,63.12,lentil
27,70,15,65.21,lentil
11,76,19,60.76,lentil
29,63,16,61.82,lentil
6,75,23,67.73,lentil
6,74,23,63.72,lentil
15,70,19,66.46,lentil
6,58,17,60.24,lentil
10,62,15,66.06,lentil
7,67,20,61.52,lentil
39,57,23,69.37,lentil
33,67,21,66.72,lentil
3,62,23,62.39,lentil
31,74,16,66.45,lentil
31,76,23,62.05,lentil
25,66,21,61.41,lentil
25,79,24,63.15,lentil
18,65,19,65.27,lentil
3,69,15,63.45,lentil
37,78,20,64.7,lentil
30,63,16,66.9,lentil
4,74,18,62.3,lentil
32,72,20,65.3,lentil
14,75,19,66.21,lentil
21,72,24,61.8,lentil
30,57,20,64.46,lentil
32,71,16,68.54,lentil
27,66,20,61.09,lentil
3,57,22,67.12,lentil
25,79,19,64.37,lentil
18,77,21,62.14,lentil
17,60,18,68.29,lentil
28,56,15,69.6,lentil
15,56,16,67.57,lentil
12,64,22,67.73,lentil
35,69,15,64.58,lentil
16,74,22,67.64,lentil
28,76,23,68.35,lentil
35,59,24,68.05,lentil
20,78,24,63.22,lentil
1,77,22,68.08,lentil
21,59,23,64.03,lentil
12,67,24,69.01,lentil
26,56,17,64.95,lentil
24,61,15,66.35,lentil
19,75,17,60.58,lentil
38,68,15,67.88,lentil
28,74,19,63.59,lentil
3,55,16,69.02,lentil
25,67,18,61.02,lentil
9,65,23,60.39,lentil
0,71,20,68.67,lentil
28,58,19,67.19,lentil
20,57,24,68.4,lentil
6,69,21,69.46,lentil
39,59,19,67.63,lentil
22,64,18,64.98,lentil
28,62,23,62.96,lentil
38,68,23,63.64,lentil
14,57,19,64.6,lentil
23,62,18,66.94,lentil
23,28,44,93.25,pomegranate
33,29,35,90.39,pomegranate
22,17,39,88.92,pomegranate
5,9,43,94.73,pomegranate
6,11,40,85.1,pomegranate
19,7,37,85.52,pomegranate
3,16,40,92.32,pomegranate
35,19,43,93.48,pomegranate
22,22,39,92.13,pomegranate
26,23,43,88.71,pomegranate
35,11,42,92.62,pomegranate
20,12,35,88.81,pomegranate
30,14,44,85.21,pomegranate
33,13,35,94.52,pomegranate
9,26,43,88.62,pomegranate
24,25,39,86.03,pomegranate
0,29,37,88.69,pomegranate
23,6,42,86.8,pomegranate
38,10,35,86.22,pomegranate
38,29,35,85.31,pomegranate
28,13,40,88.36,pomegranate
2,21,35,92.27,pomegranate
0,21,37,89.83,pomegranate
35,8,36,85.16,pomegranate
34,12,44,91.16,pomegranate
33,27,38,90.59,pomegranate
28,23,40,90.46,pomegranate
39,23,39,90.05,pomegranate
26,20,40,86.18,pomegranate
34,23,44,93.09,pomegranate
30,8,41,88.17,pomegranate
21,23,43,92.97,pomegranate
6,18,42,94.35,pomegranate
15,27,37,91.28,pomegranate
15,12,35,90.49,pomegranate
10,9,35,94.35,pomegranate
4,29,39,85.68,pomegranate
32,22,43,91.85,pomegranate
4,6,41,94.44,pomegranate
12,24,40,92.33,pomegranate
22,18,41,89.18,pomegranate
28,28,38,87.78,pomegranate
17,14,43,94.8,pomegranate
25,14,35,86.03,pomegranate
4,13,39,86.9,pomegranate
19,13,35,88.47,pomegranate
11,11,37,87.05,pomegranate
24,7,36,87.87,pomegranate
9,10,40,86.44,pomegranate
38,19,40,85.68,pomegranate
19,16,37,91.24,pomegranate
1,25,36,92.04,pomegranate
5,19,44,89.51,pomegranate
31,20,40,88.13,pomegranate
35,6,38,94.47,pomegranate
25,29,44,91.12,pomegranate
21,23,39,87.03,pomegranate
21,8,36,88.74,pomegranate
27,5,35,88.86,pomegranate
6,21,43,89.5,pomegranate
0,14,38,92.26,pomegranate
31,10,40,86.02,pomegranate
26,26,36,85.93,pomegranate
20,29,38,89.34,pomegranate
8,23,42,87.29,pomegranate
19,17,42,91.54,pomegranate
22,19,38,85.14,pomegranate
32,29,39,85.77,pomegranate
33,12,36,92.33,pomegranate
32,15,36,88.72,pomegranate
9,22,40,88.83,pomegranate
35,17,42,87.0,pomegranate
9,10,35,87.53,pomegranate
26,18,42,85.68,pomegranate
16,13,40,93.0,pomegranate
38,21,35,93.95,pomegranate
8,22,42,92.87,pomegranate
1,15,40,89.28,pomegranate
35,22,39,92.84,pomegranate
17,6,40,92.85,pomegranate
12,8,40,90.03,pomegranate
23,8,35,92.64,pomegranate
13,10,36,89.09,pomegranate
37,10,39,86.6,pomegranate
4,21,44,94.43,pomegranate
6,7,38,89.46,pomegranate
3,9,35,88.1,pomegranate
26,28,44,90.36,pomegranate
20,24,42,92.89,pomegranate
31,27,39,88.27,pomegranate
38,20,35,88.19,pomegranate
8,10,37,93.29,pomegranate
38,26,43,93.59,pomegranate
22,21,41,89.62,pomegranate
29,29,40,87.96,pomegranate
36,27,38,87.3,pomegranate
22,17,35,92.41,pomegranate
20,6,39,92.32,pomegranate
17,26,40,85.84,pomegranate
16,15,44,93.82,pomegranate
89,84,47,77.22,banana
88,79,51,75.58,banana
98,91,52,81.16,banana
88,84,45,79.29,banana
98,72,54,79.12,banana
80,98,46,78.28,banana
92,91,45,81.31,banana
92,85,45,79.96,banana
108,76,52,81.92,banana
86,82,49,82.65,banana
82,76,54,80.08,banana
80,86,45,83.57,banana
82,84,49,77.22,banana
105,97,53,82.31,banana
88,93,52,83.36,banana
101,85,53,79.85,banana
86,83,47,83.21,banana
94,72,49,79.1,banana
119,87,47,77.81,banana
81,77,50,79.79,banana
119,73,48,81.48,banana
97,71,50,79.33,banana
108,96,54,78.21,banana
98,72,50,82.29,banana
119,96,51,78.7,banana
90,95,46,81.62,banana
88,97,46,82.73,banana
94,85,53,80.81,banana
88,95,54,82.82,banana
118,95,48,76.4,banana
116,88,51,81.62,banana
107,75,54,84.08,banana
102,72,49,81.54,banana
115,79,49,80.42,banana
91,79,50,78.86,banana
119,96,53,77.42,banana
81,99,54,80.07,banana
94,85,45,80.85,banana
91,88,54,79.51,banana
111,86,50,80.33,banana
82,75,47,81.36,banana
80,99,49,81.95,banana
92,96,48,83.24,banana
89,76,49,83.15,banana
83,92,51,76.88,banana
99,95,49,82.48,banana
112,97,52,75.31,banana
101,75,49,83.88,banana
94,74,52,83.58,banana
85,94,52,77.01,banana
119,98,51,84.96,banana
117,87,46,82.48,banana
112,91,50,75.95,banana
99,81,54,75.06,banana
106,72,45,84.61,banana
90,96,49,82.84,banana
90,99,49,77.32,banana
117,83,52,81.24,banana
111,73,51,83.37,banana
114,72,49,83.64,banana
89,88,53,75.69,banana
108,88,46,82.07,banana
104,89,47,83.68,banana
90,83,46,78.42,banana
84,96,49,84.96,banana
91,87,48,83.61,banana
99,75,53,80.04,banana
111,80,46,78.62,banana
97,93,51,84.25,banana
84,92,53,81.44,banana
104,78,50,77.75,banana
98,70,51,80.99,banana
94,77,50,79.55,banana
96,98,46,75.19,banana
112,92,52,83.03,banana
109,75,47,81.39,banana
105,99,46,80.73,banana
117,71,48,75.79,banana
90,77,52,80.94,banana
99,77,52,77.31,banana
96,89,48,77.46,banana
86,85,52,76.97,banana
102,93,53,84.97,banana
99,74,54,81.91,banana
110,92,53,79.65,banana
110,90,48,78.48,banana
91,86,45,83.53,banana
109,98,47,80.52,banana
113,87,51,77.11,banana
113,96,48,75.55,banana
103,79,48,79.38,banana
99,72,49,82.59,banana
119,77,52,75.09,banana
102,77,52,77.2,banana
89,76,45,78.54,banana
92,73,49,76.7,banana
83,87,50,83.65,banana
102,91,46,83.29,banana
90,97,49,79.78,banana
89,77,52,81.24,banana
22,31,25,49.6,mango
30,24,33,52.15,mango
33,23,30,52.25,mango
17,33,32,51.64,mango
14,29,31,53.4,mango
16,23,32,48.71,mango
26,35,26,49.71,mango
8,26,30,53.38,mango
6,39,27,53.0,mango
15,37,31,49.54,mango
24,22,25,53.18,mango
5,33,33,50.13,mango
13,36,28,54.7,mango
7,39,30,46.32,mango
27,35,27,47.19,mango
33,30,30,51.04,mango
37,22,31,50.71,mango
5,28,27,54.39,mango
11,31,29,46.75,mango
24,23,29,53.74,mango
38,36,28,45.01,mango
19,34,25,46.52,mango
32,15,25,47.94,mango
7,32,31,47.91,mango
7,29,31,45.06,mango
27,39,31,49.87,mango
17,31,31,54.35,mango
28,28,26,46.71,mango
20,35,31,51.47,mango
18,34,33,49.68,mango
30,35,31,51.26,mango
29,15,33,49.38,mango
0,26,27,52.54,mango
15,23,25,52.73,mango
7,22,25,51.11,mango
10,21,25,47.11,mango
28,35,29,53.35,mango
5,36,26,48.18,mango
7,23,25,47.34,mango
10,38,25,48.32,mango
1,22,27,51.37,mango
16,20,27,46.92,mango
27,16,30,54.47,mango
3,36,34,54.13,mango
35,27,28,51.78,mango
16,23,28,51.23,mango
18,17,32,48.13,mango
27,15,34,48.43,mango
39,15,32,54.39,mango
3,20,33,47.4,mango
11,38,31,54.68,mango
24,16,27,47.47,mango
8,34,32,50.78,mango
2,38,29,46.15,mango
26,30,25,45.07,mango
11,23,29,47.49,mango
33,37,26,53.96,mango
22,18,31,47.99,mango
0,36,33,52.3,mango
2,35,33,53.63,mango
21,35,25,46.17,mango
14,28,28,52.34,mango
24,35,32,46.17,mango
4,20,25,45.45,mango
22,18,26,46.06,mango
34,36,32,51.57,mango
2,22,26,50.61,mango
7,37,29,45.99,mango
36,38,30,47.15,mango
8,30,26,52.39,mango
29,25,31,46.73,mango
7,36,34,52.94,mango
38,35,32,48.48,mango
30,34,33,51.92,mango
21,22,29,51.14,mango
0,39,34,48.59,mango
20,29,25,45.76,mango
34,27,32,46.58,mango
16,31,30,47.09,mango
16,20,25,48.58,mango
5,17,32,53.08,mango
26,27,25,47.76,mango
34,20,29,54.34,mango
22,39,26,45.33,mango
4,34,30,46.61,mango
17,18,25,54.28,mango
13,27,31,49.18,mango
14,33,27,45.77,mango
18,34,28,51.81,mango
39,38,25,53.99,mango
0,17,28,49.13,mango
13,19,28,50.56,mango
15,30,28,49.19,mango
27,27,26,50.57,mango
7,38,33,48.13,mango
1,22,31,54.34,mango
38,24,33,47.86,mango
29,24,30,50.31,mango
4,35,31,52.31,mango
22,19,30,54.43,mango
3,142,200,81.26,grapes
17,134,202,82.74,grapes
8,124,204,82.87,grapes
2,129,195,83.48,grapes
3,136,203,81.05,grapes
31,141,202,84.03,grapes
21,120,198,81.91,grapes
10,132,204,80.13,grapes
11,142,195,82.15,grapes
8,142,204,83.11,grapes
4,134,198,82.73,grapes
29,144,196,80.85,grapes
24,129,204,80.42,grapes
29,142,203,80.26,grapes
34,139,196,80.38,grapes
10,130,199,84.17,grapes
6,142,195,81.16,grapes
1,131,203,82.1,grapes
10,135,195,80.05,grapes
34,140,204,84.73,grapes
11,132,198,84.87,grapes
1,134,202,84.52,grapes
39,131,195,81.11,grapes
16,143,198,84.09,grapes
4,135,198,82.25,grapes
28,134,199,80.42,grapes
15,133,204,83.31,grapes
36,122,198,83.47,grapes
18,132,204,81.04,grapes
36,142,198,82.74,grapes
24,125,198,82.04,grapes
31,135,196,80.28,grapes
35,132,197,83.49,grapes
12,130,200,81.3,grapes
21,139,198,81.56,grapes
8,126,197,82.06,grapes
5,139,203,80.71,grapes
31,123,196,81.98,grapes
19,142,199,80.41,grapes
3,131,196,80.15,grapes
8,129,201,80.59,grapes
29,122,203,82.54,grapes
30,138,199,83.84,grapes
9,121,196,81.65,grapes
16,135,201,84.67,grapes
23,120,201,80.5,grapes
6,134,196,81.27,grapes
16,120,195,83.26,grapes
6,121,204,84.33,grapes
18,130,202,80.47,grapes
10,132,197,81.62,grapes
26,136,200,83.02,grapes
15,121,200,82.15,grapes
37,144,204,83.46,grapes
39,120,202,83.74,grapes
36,141,200,80.61,grapes
26,128,196,80.92,grapes
24,121,202,80.63,grapes
25,128,204,80.41,grapes
33,135,198,82.41,grapes
1,120,197,82.74,grapes
23,141,196,83.32,grapes
13,121,199,82.88,grapes
38,143,199,80.35,grapes
13,124,196,80.64,grapes
33,131,200,80.72,grapes
35,132,198,83.63,grapes
15,123,202,83.96,grapes
32,132,198,83.07,grapes
37,122,201,80.01,grapes
15,124,198,81.63,grapes
13,126,200,83.42,grapes
16,132,201,82.78,grapes
6,133,195,84.16,grapes
33,124,198,83.22,grapes
13,134,195,80.07,grapes
34,136,197,80.74,grapes
22,127,198,82.83,grapes
8,125,203,81.92,grapes
1,132,199,81.94,grapes
24,127,201,82.4,grapes
22,130,201,84.94,grapes
23,130,200,84.37,grapes
34,139,197,84.06,grapes
0,136,196,83.36,grapes
5,127,197,81.82,grapes
34,124,198,83.5,grapes
8,126,198,82.13,grapes
18,125,203,81.42,grapes
21,130,197,81.13,grapes
7,129,204,80.54,grapes
25,142,203,80.43,grapes
18,135,201,84.88,grapes
14,142,204,81.48,grapes
10,125,196,82.49,grapes
5,133,198,81.54,grapes
27,120,197,84.05,grapes
6,130,201,82.33,grapes
24,131,204,83.85,grapes
11,130,197,84.56,grapes
103,20,53,89.75,watermelon
83,15,45,86.76,watermelon
90,26,53,82.51,watermelon
102,22,53,83.78,watermelon
108,23,45,85.06,watermelon
93,7,45,81.06,watermelon
109,24,52,89.86,watermelon
117,14,49,84.42,watermelon
117,27,53,89.41,watermelon
101,21,46,81.98,watermelon
89,14,53,86.02,watermelon
117,24,45,81.27,watermelon
113,8,45,86.2,watermelon
105,8,45,80.42,watermelon
88,7,52,83.45,watermelon
98,8,46,85.3,watermelon
106,18,53,83.96,watermelon
108,20,47,81.51,watermelon
110,8,49,80.81,watermelon
105,20,51,85.02,watermelon
109,26,46,86.3,watermelon
109,8,46,83.07,watermelon
86,5,54,89.88,watermelon
105,17,50,87.22,watermelon
87,28,50,84.7,watermelon
97,9,53,88.95,watermelon
89,9,50,86.18,watermelon
118,13,50,80.86,watermelon
108,5,49,84.4,watermelon
118,25,50,81.27,watermelon
86,15,46,83.83,watermelon
116,5,54,84.41,watermelon
97,8,45,85.04,watermelon
103,26,46,88.26,watermelon
85,14,53,84.45,watermelon
100,27,51,86.05,watermelon
107,23,51,84.78,watermelon
101,9,51,87.88,watermelon
111,14,51,83.74,watermelon
86,19,47,81.84,watermelon
107,19,47,80.51,watermelon
117,17,47,88.84,watermelon
87,27,54,81.45,watermelon
83,23,49,80.26,watermelon
87,27,47,88.78,watermelon
93,17,49,80.49,watermelon
94,11,50,88.22,watermelon
101,28,45,86.46,watermelon
80,14,52,82.97,watermelon
104,22,53,81.27,watermelon
105,18,53,81.66,watermelon
102,15,50,86.84,watermelon
104,22,46,86.72,watermelon
107,23,52,84.11,watermelon
88,12,48,85.8,watermelon
83,18,53,80.98,watermelon
82,12,50,87.29,watermelon
118,17,49,80.97,watermelon
97,19,46,86.78,watermelon
91,19,46,86.28,watermelon
90,23,47,83.25,watermelon
105,18,50,87.3,watermelon
103,13,45,84.1,watermelon
101,27,52,87.99,watermelon
97,16,51,82.73,watermelon
112,23,48,88.66,watermelon
116,7,46,86.52,watermelon
119,20,50,84.03,watermelon
102,26,50,81.35,watermelon
114,17,52,81.59,watermelon
101,25,54,89.07,watermelon
104,13,45,83.54,watermelon
102,15,51,85.89,watermelon
92,15,46,85.76,watermelon
112,25,53,81.99,watermelon
106,17,46,80.69,watermelon
119,23,54,84.73,watermelon
99,10,53,87.45,watermelon
110,25,54,85.13,watermelon
92,21,51,83.17,watermelon
107,21,53,81.83,watermelon
85,15,53,82.43,watermelon
85,17,46,89.41,watermelon
114,5,52,80.31,watermelon
103,17,47,88.97,watermelon
115,29,45,88.62,watermelon
113,29,46,86.27,watermelon
102,23,53,87.5,watermelon
88,5,54,81.81,watermelon
113,20,52,82.47,watermelon
113,29,50,85.9,watermelon
85,13,51,87.23,watermelon
89,29,48,85.79,watermelon
103,24,53,86.05,watermelon
83,12,53,83.09,watermelon
105,8,45,80.2,watermelon
114,29,48,87.07,watermelon
84,24,46,88.86,watermelon
108,17,48,89.97,watermelon
89,13,52,86.38,watermelon
88,25,47,94.52,muskmelon
92,8,52,92.08,muskmelon
116,14,52,90.2,muskmelon
86,6,50,92.05,muskmelon
102,11,52,94.02,muskmelon
100,27,54,93.91,muskmelon
110,29,46,91.64,muskmelon
96,17,46,94.83,muskmelon
118,14,51,92.52,muskmelon
114,22,50,91.57,muskmelon
84,23,50,92.03,muskmelon
98,19,52,94.13,muskmelon
94,29,51,93.83,muskmelon
93,21,47,94.78,muskmelon
86,23,45,90.31,muskmelon
119,23,52,90.41,muskmelon
95,24,47,94.38,muskmelon
92,11,54,93.82,muskmelon
104,10,52,90.49,muskmelon
85,29,51,92.5,muskmelon
103,15,54,91.22,muskmelon
113,7,50,90.03,muskmelon
105,20,49,93.41,muskmelon
118,12,47,94.73,muskmelon
111,26,51,90.66,muskmelon
80,12,52,93.23,muskmelon
114,7,50,91.54,muskmelon
86,5,50,90.44,muskmelon
102,13,54,92.74,muskmelon
115,9,53,91.54,muskmelon
96,7,49,94.91,muskmelon
82,24,47,94.19,muskmelon
110,21,52,90.7,muskmelon
97,22,50,94.43,muskmelon
94,19,50,91.75,muskmelon
115,27,52,93.48,muskmelon
92,13,46,93.88,muskmelon
111,24,45,91.11,muskmelon
113,19,53,90.86,muskmelon
97,26,51,94.4,muskmelon
110,29,50,90.32,muskmelon
106,26,46,90.37,muskmelon
93,29,52,92.65,muskmelon
99,25,49,94.09,muskmelon
116,20,46,93.24,muskmelon
96,20,54,90.23,muskmelon
83,25,51,91.6,muskmelon
85,21,51,94.23,muskmelon
84,24,47,90.27,muskmelon
119,13,49,94.31,muskmelon
81,13,48,92.56,muskmelon
101,26,46,90.84,muskmelon
117,18,45,93.62,muskmelon
80,5,45,90.6,muskmelon
83,22,45,93.59,muskmelon
115,10,46,90.27,muskmelon
103,28,45,91.96,muskmelon
97,26,45,92.22,muskmelon
118,14,45,94.31,muskmelon
102,26,47,90.16,muskmelon
113,8,47,94.04,muskmelon
97,14,51,93.77,muskmelon
101,5,48,94.96,muskmelon
108,25,54,91.73,muskmelon
91,14,47,90.61,muskmelon
85,24,52,90.34,muskmelon
87,5,50,91.21,muskmelon
103,19,51,90.94,muskmelon
114,26,48,94.04,muskmelon
113,5,46,91.49,muskmelon
96,10,51,90.82,muskmelon
101,7,52,91.42,muskmelon
113,7,46,90.95,muskmelon
100,10,49,90.86,muskmelon
80,25,49,90.7,muskmelon
119,20,45,94.18,muskmelon
96,29,51,94.9,muskmelon
86,16,46,91.89,muskmelon
83,18,51,92.96,muskmelon
81,14,46,91.55,muskmelon
116,16,50,93.27,muskmelon
99,5,50,90.59,muskmelon
85,23,46,91.1,muskmelon
112,27,51,91.37,muskmelon
86,19,54,93.67,muskmelon
115,17,51,91.96,muskmelon
84,6,51,94.15,muskmelon
95,27,50,91.91,muskmelon
93,7,47,90.96,muskmelon
113,5,53,92.66,muskmelon
86,7,54,93.13,muskmelon
97,15,51,94.1,muskmelon
93,24,50,91.78,muskmelon
86,6,48,92.76,muskmelon
96,5,54,94.84,muskmelon
91,28,53,92.63,muskmelon
106,21,46,92.36,muskmelon
115,22,51,92.07,muskmelon
104,27,50,90.36,muskmelon
105,5,54,93.63,muskmelon
37,128,202,90.74,apple
32,136,202,94.55,apple
1,144,202,91.54,apple
16,136,199,92.85,apple
29,127,204,93.71,apple
20,137,201,91.41,apple
9,132,195,90.98,apple
19,124,196,91.01,apple
13,136,198,94.76,apple
19,143,202,92.89,apple
8,132,199,94.36,apple
25,139,204,92.12,apple
25,133,195,92.22,apple
2,121,195,94.55,apple
16,131,195,92.15,apple
2,130,195,94.24,apple
34,127,198,93.96,apple
6,133,198,94.03,apple
0,136,203,92.01,apple
15,135,204,92.92,apple
38,125,198,90.93,apple
13,130,204,91.02,apple
6,120,204,90.13,apple
19,122,198,92.66,apple
25,130,196,92.14,apple
29,136,204,92.63,apple
12,133,202,93.4,apple
25,140,198,90.27,apple
8,142,201,91.94,apple
1,139,198,93.64,apple
2,142,202,93.85,apple
35,133,197,91.71,apple
5,132,198,90.6,apple
11,139,200,92.99,apple
39,126,197,91.7,apple
26,140,199,93.88,apple
4,130,197,90.83,apple
22,140,199,90.6,apple
2,125,195,92.59,apple
7,140,203,92.8,apple
7,129,202,93.69,apple
13,142,204,94.65,apple
33,128,204,93.63,apple
16,122,197,92.41,apple
38,123,204,90.83,apple
20,141,203,94.85,apple
4,138,196,90.61,apple
9,121,200,90.96,apple
10,144,203,92.04,apple
10,140,198,90.99,apple
19,135,202,93.87,apple
11,133,200,93.75,apple
21,140,196,90.35,apple
19,143,201,92.51,apple
0,125,200,90.18,apple
21,131,204,94.6,apple
5,136,197,93.7,apple
23,138,204,93.36,apple
20,143,200,93.07,apple
38,143,195,92.15,apple
27,144,198,94.19,apple
26,129,203,93.84,apple
31,129,204,92.33,apple
22,121,203,90.26,apple
22,126,202,94.72,apple
1,137,195,91.97,apple
19,122,197,92.89,apple
17,133,202,93.09,apple
29,131,199,90.5,apple
10,121,204,92.82,apple
32,134,202,92.59,apple
18,137,199,91.45,apple
22,141,195,90.48,apple
33,140,203,92.43,apple
4,141,197,91.72,apple
25,127,204,92.57,apple
11,121,196,91.88,apple
21,131,196,90.05,apple
6,143,201,92.91,apple
8,134,199,92.69,apple
10,129,198,93.12,apple
14,129,202,94.54,apple
39,122,198,93.78,apple
0,123,204,94.72,apple
22,140,195,94.92,apple
39,132,201,94.76,apple
29,123,202,92.83,apple
24,131,204,94.08,apple
32,128,199,94.57,apple
27,143,197,90.67,apple
33,132,201,94.71,apple
13,130,204,92.14,apple
32,126,202,93.14,apple
36,138,204,90.16,apple
14,125,199,92.0,apple
9,131,200,94.91,apple
17,135,202,91.69,apple
22,131,196,94.01,apple
2,128,199,90.9,apple
34,144,201,91.37,apple
13,8,13,90.67,orange
14,14,8,91.5,orange
0,11,14,90.59,orange
26,28,7,92.89,orange
38,21,10,93.98,orange
3,21,13,92.93,orange
22,6,5,93.46,orange
30,19,12,91.55,orange
33,27,12,92.33,orange
25,20,13,93.99,orange
14,8,8,93.78,orange
21,22,13,94.98,orange
11,27,9,92.09,orange
30,16,14,94.13,orange
19,19,11,94.86,orange
36,25,5,92.35,orange
12,23,6,90.88,orange
35,8,8,93.9,orange
6,29,9,91.66,orange
33,6,9,90.04,orange
31,14,13,90.9,orange
4,14,14,93.55,orange
20,12,5,93.6,orange
38,18,9,93.83,orange
8,21,9,90.1,orange
30,24,12,92.14,orange
18,8,6,90.05,orange
13,28,5,92.84,orange
35,16,14,92.55,orange
0,11,14,92.44,orange
27,20,12,94.65,orange
19,10,10,94.45,orange
4,28,9,92.9,orange
5,29,7,92.02,orange
0,17,7,94.1,orange
34,13,12,90.77,orange
37,17,11,90.37,orange
33,25,12,94.83,orange
22,10,7,91.29,orange
22,13,5,93.13,orange
18,23,12,90.46,orange
19,13,5,90.12,orange
1,8,7,93.67,orange
38,22,9,94.78,orange
6,21,11,92.03,orange
3,10,13,94.27,orange
11,8,12,90.3,orange
3,23,12,93.47,orange
17,14,13,93.34,orange
17,21,12,94.09,orange
22,21,5,91.73,orange
8,19,12,91.68,orange
34,26,7,91.69,orange
19,5,9,91.12,orange
0,14,11,92.56,orange
17,20,6,93.27,orange
28,22,12,92.92,orange
33,11,8,90.46,orange
37,13,13,91.22,orange
34,22,9,92.57,orange
29,8,11,94.83,orange
24,16,6,92.63,orange
21,27,8,91.15,orange
3,19,12,90.69,orange
6,29,14,91.6,orange
37,16,11,92.06,orange
9,19,14,93.93,orange
6,13,7,93.04,orange
38,27,6,90.32,orange
37,17,14,91.39,orange
33,16,10,94.22,orange
31,7,7,90.67,orange
9,23,7,90.34,orange
28,20,5,93.1,orange
1,8,14,91.45,orange
16,24,10,93.8,orange
31,14,13,91.09,orange
18,25,12,94.33,orange
23,7,7,92.22,orange
36,12,10,91.79,orange
24,12,8,93.73,orange
12,10,5,90.91,orange
34,21,13,94.96,orange
12,24,6,91.65,orange
25,26,11,94.31,orange
11,28,9,93.46,orange
38,17,13,90.52,orange
11,17,12,92.29,orange
39,26,7,92.37,orange
4,15,11,90.87,orange
9,14,8,92.59,orange
7,15,11,91.48,orange
5,13,8,91.61,orange
15,29,11,91.49,orange
10,10,11,90.53,orange
5,10,6,94.5,orange
19,29,5,94.17,orange
36,21,8,91.33,orange
4,11,6,93.19,orange
36,23,14,91.33,orange
47,67,45,90.52,papaya
67,47,46,94.39,papaya
59,57,53,91.34,papaya
34,67,49,90.65,papaya
49,68,54,93.11,papaya
55,51,54,94.5,papaya
67,49,51,94.11,papaya
44,60,47,93.68,papaya
58,66,54,91.7,papaya
33,47,52,91.4,papaya
40,45,50,93.48,papaya
56,45,49,92.04,papaya
67,58,46,90.33,papaya
40,59,46,94.4,papaya
64,47,51,93.84,papaya
67,64,47,91.06,papaya
31,62,54,90.28,papaya
31,46,50,94.64,papaya
39,62,48,92.63,papaya
35,60,45,94.91,papaya
34,58,54,93.41,papaya
55,50,54,91.58,papaya
44,60,45,90.06,papaya
32,64,52,94.92,papaya
50,46,50,93.68,papaya
55,50,53,94.39,papaya
37,45,49,93.36,papaya
67,65,52,94.56,papaya
50,68,48,92.57,papaya
60,62,53,92.64,papaya
38,59,54,93.77,papaya
45,48,48,90.95,papaya
66,66,51,92.94,papaya
69,60,50,90.25,papaya
67,58,49,91.63,papaya
38,69,52,94.83,papaya
58,63,45,93.13,papaya
57,52,51,93.43,papaya
36,54,48,91.42,papaya
31,69,53,94.29,papaya
30,67,54,92.56,papaya
54,66,47,93.01,papaya
35,65,46,90.35,papaya
47,67,46,90.28,papaya
66,64,51,94.75,papaya
49,45,45,91.57,papaya
30,65,48,94.77,papaya
32,58,51,90.88,papaya
51,56,54,92.42,papaya
53,54,47,94.88,papaya
65,60,52,90.73,papaya
46,63,50,94.48,papaya
44,69,46,92.97,papaya
44,63,48,92.24,papaya
64,57,54,90.01,papaya
63,51,53,91.77,papaya
52,51,51,94.58,papaya
36,61,54,90.98,papaya
44,46,53,93.07,papaya
61,48,48,92.26,papaya
65,57,45,92.35,papaya
64,60,50,91.68,papaya
54,60,54,92.57,papaya
34,63,50,92.26,papaya
66,65,48,90.83,papaya
65,64,49,90.82,papaya
45,53,46,92.69,papaya
50,48,51,90.09,papaya
58,66,54,92.28,papaya
45,63,53,92.12,papaya
66,46,48,90.03,papaya
43,45,47,91.13,papaya
49,46,47,91.12,papaya
66,62,48,93.15,papaya
36,58,51,90.39,papaya
34,61,54,94.68,papaya
39,55,45,94.76,papaya
38,61,45,92.37,papaya
47,53,53,90.02,papaya
43,69,50,93.6,papaya
58,59,48,93.13,papaya
68,60,47,92.03,papaya
67,57,54,94.55,papaya
49,60,53,94.03,papaya
42,48,51,93.31,papaya
57,64,49,90.42,papaya
63,56,49,90.68,papaya
60,57,53,90.31,papaya
62,47,46,91.36,papaya
32,69,53,91.71,papaya
32,58,48,92.08,papaya
42,51,47,94.1,papaya
38,46,50,90.28,papaya
60,56,46,91.22,papaya
42,58,49,92.23,papaya
39,68,53,93.76,papaya
59,51,50,92.91,papaya
32,57,47,92.37,papaya
53,65,50,93.98,papaya
41,61,48,93.02,papaya
38,6,34,91.54,coconut
35,12,28,90.17,coconut
21,25,26,93.45,coconut
29,12,26,91.63,coconut
8,23,28,97.17,coconut
18,9,32,96.9,coconut
26,12,34,94.35,coconut
18,22,34,97.51,coconut
32,23,29,97.32,coconut
15,27,31,95.88,coconut
11,12,29,94.4,coconut
4,21,34,95.98,coconut
14,17,25,95.41,coconut
32,15,26,92.04,coconut
29,20,31,95.07,coconut
0,21,30,92.91,coconut
5,18,26,94.51,coconut
23,22,33,94.92,coconut
9,21,31,92.18,coconut
5,18,30,94.63,coconut
25,11,27,96.37,coconut
22,20,31,91.49,coconut
24,17,29,94.47,coconut
8,19,28,94.06,coconut
12,6,27,99.33,coconut
34,10,27,90.84,coconut
5,27,25,97.15,coconut
17,11,33,91.75,coconut
4,7,33,97.18,coconut
4,5,26,91.0,coconut
1,9,32,93.89,coconut
35,15,31,98.01,coconut
28,7,30,90.42,coconut
30,14,33,90.2,coconut
9,21,27,93.39,coconut
22,6,30,98.58,coconut
39,7,34,97.9,coconut
24,20,25,91.22,coconut
25,22,33,96.24,coconut
20,29,25,94.0,coconut
5,27,28,90.81,coconut
16,12,34,99.36,coconut
11,11,26,92.01,coconut
21,27,29,92.89,coconut
10,9,27,95.67,coconut
1,28,25,92.74,coconut
36,23,31,92.58,coconut
39,13,27,90.5,coconut
36,25,34,90.13,coconut
20,24,30,96.67,coconut
24,6,33,97.65,coconut
5,13,33,98.19,coconut
0,23,29,98.72,coconut
11,20,33,90.84,coconut
34,16,29,95.85,coconut
38,17,33,98.04,coconut
2,25,28,95.02,coconut
23,12,30,98.66,coconut
23,22,28,95.46,coconut
11,17,34,98.56,coconut
31,28,33,91.02,coconut
22,22,26,96.97,coconut
4,26,33,97.63,coconut
17,21,26,98.67,coconut
25,9,31,94.28,coconut
25,22,31,98.53,coconut
14,21,25,98.15,coconut
16,27,33,93.61,coconut
13,24,27,97.97,coconut
12,22,31,93.39,coconut
32,11,32,94.04,coconut
32,26,25,99.18,coconut
5,7,32,94.86,coconut
19,29,28,99.78,coconut
23,25,34,91.71,coconut
29,21,31,93.23,coconut
15,12,27,94.47,coconut
35,20,25,91.84,coconut
5,28,28,97.31,coconut
8,25,30,94.19,coconut
5,11,25,97.23,coconut
36,10,26,95.83,coconut
25,29,34,98.74,coconut
30,28,34,92.68,coconut
13,12,28,90.82,coconut
23,17,30,97.35,coconut
31,24,26,91.27,coconut
36,13,27,99.89,coconut
19,26,34,95.28,coconut
29,25,27,93.83,coconut
10,21,31,95.1,coconut
22,23,29,92.01,coconut
28,22,34,93.13,coconut
19,19,28,94.1,coconut
37,27,34,95.33,coconut
27,28,26,91.08,coconut
28,15,29,97.57,coconut
13,26,34,96.25,coconut
34,15,27,90.5,coconut
13,28,31,92.03,coconut
109,45,17,81.66,cotton
120,54,16,82.3,cotton
104,38,22,79.07,cotton
134,39,19,76.42,cotton
132,42,17,77.79,cotton
116,45,16,83.86,cotton
113,37,18,80.72,cotton
101,36,21,80.08,cotton
131,41,15,75.16,cotton
105,53,22,76.36,cotton
117,58,19,76.01,cotton
137,36,22,84.37,cotton
110,56,20,76.41,cotton
117,46,23,84.55,cotton
139,41,21,83.94,cotton
110,56,24,75.9,cotton
128,44,16,78.16,cotton
127,58,22,79.97,cotton
107,38,18,82.73,cotton
133,42,21,80.66,cotton
125,59,19,82.98,cotton
139,41,21,76.06,cotton
113,55,16,84.56,cotton
117,46,23,80.79,cotton
127,39,17,80.01,cotton
119,53,22,83.67,cotton
106,57,21,75.95,cotton
118,43,17,81.07,cotton
124,54,23,79.64,cotton
114,50,22,76.16,cotton
103,53,17,81.2,cotton
120,49,15,83.83,cotton
118,56,17,76.91,cotton
117,45,16,75.51,cotton
105,45,22,84.0,cotton
129,36,23,81.64,cotton
128,35,24,80.91,cotton
107,39,20,78.65,cotton
105,46,22,83.04,cotton
131,35,18,77.08,cotton
139,39,15,79.32,cotton
133,43,22,82.45,cotton
106,49,19,84.93,cotton
124,37,21,82.02,cotton
133,48,20,82.83,cotton
107,41,17,82.78,cotton
137,42,20,80.04,cotton
127,42,16,80.26,cotton
116,35,18,82.28,cotton
128,43,15,84.33,cotton
128,47,19,78.15,cotton
104,44,20,81.18,cotton
112,35,18,78.59,cotton
107,44,23,84.51,cotton
102,45,24,75.53,cotton
124,45,20,77.67,cotton
125,48,21,76.26,cotton
100,58,20,79.61,cotton
129,46,22,76.05,cotton
130,40,21,79.18,cotton
115,41,20,79.14,cotton
132,41,21,75.38,cotton
138,44,24,80.41,cotton
133,47,21,77.09,cotton
124,58,15,80.42,cotton
130,52,22,80.04,cotton
119,44,19,78.38,cotton
107,50,23,75.39,cotton
120,47,19,84.68,cotton
104,47,23,81.46,cotton
138,41,20,80.08,cotton
138,39,21,80.65,cotton
107,51,18,82.5,cotton
116,44,22,79.41,cotton
128,52,18,84.6,cotton
115,53,22,78.29,cotton
137,40,19,77.99,cotton
135,46,21,78.96,cotton
108,41,24,83.86,cotton
131,59,21,82.62,cotton
131,40,24,83.87,cotton
134,36,20,80.87,cotton
104,52,22,82.84,cotton
125,54,20,82.35,cotton
109,58,23,80.15,cotton
127,40,18,80.53,cotton
108,50,20,77.69,cotton
107,54,17,76.98,cotton
136,52,16,84.69,cotton
139,35,20,81.04,cotton
106,51,20,78.2,cotton
106,56,23,82.21,cotton
137,54,16,84.82,cotton
129,51,24,79.87,cotton
117,47,15,82.66,cotton
122,44,20,82.96,cotton
133,38,19,81.22,cotton
139,56,19,82.28,cotton
102,52,19,81.23,cotton
118,49,20,76.12,cotton
77,54,41,73.27,jute
71,47,44,84.12,jute
60,51,38,78.87,jute
83,57,43,72.9,jute
76,41,35,89.67,jute
83,45,43,71.7,jute
63,38,43,75.59,jute
78,44,39,71.05,jute
75,35,36,85.98,jute
90,47,36,74.19,jute
70,36,41,82.55,jute
88,36,41,71.33,jute
76,55,37,71.6,jute
67,47,39,81.09,jute
70,58,40,70.18,jute
66,59,41,87.36,jute
88,45,41,84.29,jute
63,40,35,81.18,jute
87,41,43,71.72,jute
60,53,40,72.89,jute
87,45,35,76.35,jute
96,54,35,70.17,jute
77,43,35,71.06,jute
88,38,39,87.63,jute
76,56,43,78.07,jute
81,39,38,77.12,jute
80,47,40,77.73,jute
84,57,41,70.12,jute
73,58,38,82.74,jute
75,48,42,75.41,jute
87,42,42,80.06,jute
78,35,36,84.79,jute
69,52,40,78.21,jute
86,47,35,75.74,jute
72,59,42,83.9,jute
89,37,35,78.93,jute
80,59,41,77.32,jute
70,59,43,79.49,jute
69,45,40,87.99,jute
71,45,41,87.39,jute
96,40,35,72.04,jute
81,43,42,81.8,jute
74,42,37,76.11,jute
97,40,40,85.59,jute
60,48,38,75.72,jute
97,45,44,84.87,jute
66,45,38,72.77,jute
92,47,36,88.96,jute
83,43,41,75.12,jute
69,36,40,74.53,jute
90,40,37,71.81,jute
70,49,38,84.49,jute
97,49,43,87.18,jute
66,49,36,78.76,jute
83,36,42,81.71,jute
85,41,40,71.31,jute
64,45,35,81.45,jute
60,53,36,77.76,jute
82,55,42,71.46,jute
71,56,38,73.04,jute
89,35,42,86.15,jute
64,45,42,86.61,jute
72,50,42,80.46,jute
85,36,40,83.11,jute
70,53,37,76.19,jute
96,51,44,78.02,jute
87,45,37,71.45,jute
73,46,44,86.06,jute
91,44,44,83.24,jute
61,51,42,84.91,jute
86,43,40,79.19,jute
60,43,38,80.9,jute
95,42,38,79.96,jute
81,52,44,87.14,jute
68,40,37,84.11,jute
66,50,39,81.83,jute
96,41,37,84.91,jute
76,56,42,71.79,jute
92,36,38,70.08,jute
69,58,42,73.22,jute
63,47,43,73.56,jute
83,36,35,85.29,jute
68,37,43,87.07,jute
69,35,44,83.58,jute
74,37,43,84.5,jute
81,43,41,71.73,jute
82,46,43,73.51,jute
65,57,36,89.98,jute
92,53,40,71.29,jute
93,43,44,89.5,jute
95,55,42,76.57,jute
80,38,40,82.07,jute
99,40,44,70.3,jute
77,44,44,72.77,jute
60,41,39,80.06,jute
63,54,44,85.57,jute
93,48,35,81.01,jute
69,56,38,77.97,jute
60,39,35,75.09,jute
82,50,35,80.54,jute
92,28,34,57.3,coffee
110,31,33,58.53,coffee
100,27,26,65.48,coffee
109,31,28,66.15,coffee
81,19,25,54.71,coffee
104,17,33,66.19,coffee
91,24,26,69.5,coffee
109,36,30,54.68,coffee
109,16,34,52.49,coffee
80,35,32,68.63,coffee
92,29,29,56.46,coffee
89,28,29,53.13,coffee
117,25,29,55.78,coffee
99,35,26,53.34,coffee
89,16,34,60.29,coffee
110,24,31,58.98,coffee
85,28,28,54.54,coffee
118,31,27,65.63,coffee
85,25,33,68.19,coffee
86,38,30,67.46,coffee
110,24,33,54.01,coffee
92,39,26,56.13,coffee
88,27,27,58.55,coffee
110,35,30,56.57,coffee
81,20,30,65.38,coffee
107,19,33,50.2,coffee
89,37,28,59.31,coffee
89,29,30,52.13,coffee
96,30,27,60.2,coffee
82,32,28,57.67,coffee
113,31,30,52.23,coffee
119,24,34,56.4,coffee
109,39,27,67.18,coffee
87,17,27,65.31,coffee
101,31,28,66.04,coffee
88,35,29,51.16,coffee
99,17,29,55.84,coffee
90,34,32,63.45,coffee
119,20,29,67.01,coffee
83,25,33,57.64,coffee
88,27,34,56.41,coffee
92,21,34,52.58,coffee
98,31,34,61.39,coffee
81,24,30,56.11,coffee
88,15,28,51.45,coffee
112,31,32,52.73,coffee
92,29,26,54.86,coffee
87,34,27,59.36,coffee
99,30,29,55.86,coffee
112,26,26,55.96,coffee
102,28,25,67.01,coffee
94,21,28,51.51,coffee
117,28,32,67.0,coffee
90,39,28,65.42,coffee
98,16,30,60.73,coffee
87,39,33,66.85,coffee
102,19,31,50.81,coffee
87,30,30,50.62,coffee
94,15,30,63.88,coffee
93,18,26,58.09,coffee
97,17,34,56.91,coffee
80,39,25,57.37,coffee
98,39,32,57.54,coffee
114,29,29,52.03,coffee
109,34,29,55.01,coffee
118,16,31,60.09,coffee
100,30,33,68.05,coffee
106,33,28,54.56,coffee
115,15,26,69.19,coffee
88,27,32,58.04,coffee
94,25,28,57.67,coffee
115,33,33,55.69,coffee
99,23,26,69.94,coffee
116,34,33,65.68,coffee
104,25,33,53.01,coffee
104,17,28,65.7,coffee
93,15,25,59.74,coffee
87,19,29,56.05,coffee
98,37,33,59.81,coffee
95,15,26,54.94,coffee
80,39,34,55.67,coffee
95,28,32,59.0,coffee
94,33,32,59.95,coffee
106,24,27,60.43,coffee
87,37,28,69.46,coffee
108,15,28,61.48,coffee
111,15,25,61.42,coffee
118,37,28,58.66,coffee
81,33,32,61.8,coffee
90,36,34,51.72,coffee
88,34,25,52.54,coffee
89,19,26,63.08,coffee
118,31,30,50.18,coffee
93,26,31,62.27,coffee
99,29,31,50.56,coffee
89,24,31,64.48,coffee
116,37,27,58.16,coffee
94,35,28,65.75,coffee
91,18,33,50.22,coffee
107,37,32,60.68,coffee